[
{"_index":".kibana","_type":"visualization","_id":"Too-heavy-pages","_score":0,"_source":{"title":"Too heavy pages","visState":"{\"type\":\"metric\",\"params\":{\"fontSize\":\"40\"},\"aggs\":[{\"id\":\"1\",\"type\":\"cardinality\",\"schema\":\"metric\",\"params\":{\"field\":\"request.raw\"}}],\"listeners\":{}}","description":"","savedSearchId":"pages->-500-ko","version":1,"kibanaSavedObjectMeta":{"searchSourceJSON":"{\"filter\":[]}"}}}
,{"_index":".kibana","_type":"visualization","_id":"Craw-slash-day-slash-page-group-details","_score":0,"_source":{"title":"Craw / day / page group details","visState":"{\"type\":\"table\",\"params\":{\"perPage\":5,\"showPartialRows\":false,\"showMeticsAtAllLevels\":false},\"aggs\":[{\"id\":\"1\",\"type\":\"count\",\"schema\":\"metric\",\"params\":{}},{\"id\":\"2\",\"type\":\"date_histogram\",\"schema\":\"bucket\",\"params\":{\"field\":\"@timestamp\",\"interval\":\"d\",\"customInterval\":\"2h\",\"min_doc_count\":1,\"extended_bounds\":{}}},{\"id\":\"4\",\"type\":\"terms\",\"schema\":\"bucket\",\"params\":{\"field\":\"category.raw\",\"size\":50,\"order\":\"desc\",\"orderBy\":\"1\"}},{\"id\":\"5\",\"type\":\"cardinality\",\"schema\":\"metric\",\"params\":{\"field\":\"request.raw\"}}],\"listeners\":{}}","description":"","version":1,"kibanaSavedObjectMeta":{"searchSourceJSON":"{\"index\":\"logstash-*\",\"query\":{\"query_string\":{\"query\":\"*\",\"analyze_wildcard\":true}},\"filter\":[]}"}}}
,{"_index":".kibana","_type":"visualization","_id":"Top-pages-crawled-(50)","_score":0,"_source":{"title":"Top pages crawled (50)","visState":"{\"type\":\"table\",\"params\":{\"perPage\":10,\"showPartialRows\":false,\"showMeticsAtAllLevels\":false},\"aggs\":[{\"id\":\"1\",\"type\":\"count\",\"schema\":\"metric\",\"params\":{}},{\"id\":\"2\",\"type\":\"terms\",\"schema\":\"bucket\",\"params\":{\"field\":\"request.raw\",\"size\":50,\"order\":\"desc\",\"orderBy\":\"1\"}}],\"listeners\":{}}","description":"","savedSearchId":"Exclude-ressources","version":1,"kibanaSavedObjectMeta":{"searchSourceJSON":"{\"filter\":[]}"}}}
,{"_index":".kibana","_type":"search","_id":"5xx","_score":0,"_source":{"title":"5xx","description":"","hits":0,"columns":["response"],"sort":["response","asc"],"version":1,"kibanaSavedObjectMeta":{"searchSourceJSON":"{\"index\":\"logstash-*\",\"query\":{\"query_string\":{\"query\":\"response:[500 TO 599]\",\"analyze_wildcard\":true}},\"highlight\":{\"pre_tags\":[\"@kibana-highlighted-field@\"],\"post_tags\":[\"@/kibana-highlighted-field@\"],\"fields\":{\"*\":{}},\"fragment_size\":2147483647},\"filter\":[]}"}}}
,{"_index":".kibana","_type":"visualization","_id":"Craw-slash-day-slash-Googlebots-details","_score":0,"_source":{"title":"Craw / day / Googlebots details","visState":"{\"type\":\"table\",\"params\":{\"perPage\":5,\"showPartialRows\":false,\"showMeticsAtAllLevels\":false},\"aggs\":[{\"id\":\"1\",\"type\":\"count\",\"schema\":\"metric\",\"params\":{}},{\"id\":\"2\",\"type\":\"date_histogram\",\"schema\":\"bucket\",\"params\":{\"field\":\"@timestamp\",\"interval\":\"d\",\"customInterval\":\"2h\",\"min_doc_count\":1,\"extended_bounds\":{}}},{\"id\":\"4\",\"type\":\"terms\",\"schema\":\"bucket\",\"params\":{\"field\":\"bot.raw\",\"size\":50,\"order\":\"desc\",\"orderBy\":\"1\"}},{\"id\":\"5\",\"type\":\"cardinality\",\"schema\":\"metric\",\"params\":{\"field\":\"request.raw\"}}],\"listeners\":{}}","description":"","version":1,"kibanaSavedObjectMeta":{"searchSourceJSON":"{\"index\":\"logstash-*\",\"query\":{\"query_string\":{\"query\":\"*\",\"analyze_wildcard\":true}},\"filter\":[]}"}}}
,{"_index":".kibana","_type":"dashboard","_id":"Bots-activity","_score":0,"_source":{"title":"Bots activity","hits":0,"description":"","panelsJSON":"[\n  {\n    \"col\": 1,\n    \"id\": \"Pages-crawled\",\n    \"row\": 3,\n    \"size_x\": 4,\n    \"size_y\": 3,\n    \"type\": \"visualization\"\n  },\n  {\n    \"col\": 5,\n    \"id\": \"Unique-crawled-pages\",\n    \"row\": 3,\n    \"size_x\": 4,\n    \"size_y\": 3,\n    \"type\": \"visualization\"\n  },\n  {\n    \"col\": 1,\n    \"id\": \"Navigation\",\n    \"row\": 1,\n    \"size_x\": 12,\n    \"size_y\": 2,\n    \"type\": \"visualization\"\n  },\n  {\n    \"col\": 9,\n    \"id\": \"Googlebots-distribution\",\n    \"row\": 3,\n    \"size_x\": 4,\n    \"size_y\": 3,\n    \"type\": \"visualization\"\n  },\n  {\n    \"col\": 1,\n    \"id\": \"Top-urls-crawled-(50)\",\n    \"row\": 6,\n    \"size_x\": 12,\n    \"size_y\": 5,\n    \"type\": \"visualization\"\n  },\n  {\n    \"id\": \"Top-pages-crawled-(50)\",\n    \"type\": \"visualization\",\n    \"size_x\": 6,\n    \"size_y\": 5,\n    \"col\": 1,\n    \"row\": 11\n  },\n  {\n    \"id\": \"Top-ressources-crawled-(50)\",\n    \"type\": \"visualization\",\n    \"size_x\": 6,\n    \"size_y\": 5,\n    \"col\": 7,\n    \"row\": 11\n  }\n]","optionsJSON":"{\"darkTheme\":false}","version":1,"timeRestore":true,"timeTo":"2015-08-28T21:59:59.000Z","timeFrom":"2015-07-28T22:00:00.000Z","kibanaSavedObjectMeta":{"searchSourceJSON":"{\"filter\":[{\"query\":{\"query_string\":{\"analyze_wildcard\":true,\"query\":\"*\"}}}]}"}}}
,{"_index":".kibana","_type":"visualization","_id":"5xx","_score":0,"_source":{"title":"5xx","visState":"{\"type\":\"metric\",\"params\":{\"fontSize\":\"40\"},\"aggs\":[{\"id\":\"1\",\"type\":\"count\",\"schema\":\"metric\",\"params\":{}}],\"listeners\":{}}","description":"","savedSearchId":"5xx","version":1,"kibanaSavedObjectMeta":{"searchSourceJSON":"{\"filter\":[]}"}}}
,{"_index":".kibana","_type":"visualization","_id":"Top-heaviest-pages","_score":0,"_source":{"title":"Top heaviest pages (50)","visState":"{\"type\":\"table\",\"params\":{\"perPage\":10,\"showPartialRows\":false,\"showMeticsAtAllLevels\":false},\"aggs\":[{\"id\":\"1\",\"type\":\"max\",\"schema\":\"metric\",\"params\":{\"field\":\"bytes\"}},{\"id\":\"2\",\"type\":\"count\",\"schema\":\"metric\",\"params\":{}},{\"id\":\"3\",\"type\":\"terms\",\"schema\":\"bucket\",\"params\":{\"field\":\"request.raw\",\"size\":50,\"order\":\"desc\",\"orderBy\":\"1\"}}],\"listeners\":{}}","description":"","version":1,"kibanaSavedObjectMeta":{"searchSourceJSON":"{\"index\":\"logstash-*\",\"query\":{\"query_string\":{\"query\":\"*\",\"analyze_wildcard\":true}},\"filter\":[]}"}}}
,{"_index":".kibana","_type":"visualization","_id":"Craw-slash-day-details","_score":0,"_source":{"title":"Craw / day details","visState":"{\"type\":\"table\",\"params\":{\"perPage\":5,\"showPartialRows\":false,\"showMeticsAtAllLevels\":false},\"aggs\":[{\"id\":\"1\",\"type\":\"count\",\"schema\":\"metric\",\"params\":{}},{\"id\":\"3\",\"type\":\"cardinality\",\"schema\":\"metric\",\"params\":{\"field\":\"request.raw\"}},{\"id\":\"2\",\"type\":\"date_histogram\",\"schema\":\"bucket\",\"params\":{\"field\":\"@timestamp\",\"interval\":\"d\",\"customInterval\":\"2h\",\"min_doc_count\":1,\"extended_bounds\":{}}}],\"listeners\":{}}","description":"","version":1,"kibanaSavedObjectMeta":{"searchSourceJSON":"{\"index\":\"logstash-*\",\"query\":{\"query_string\":{\"query\":\"*\",\"analyze_wildcard\":true}},\"filter\":[]}"}}}
,{"_index":".kibana","_type":"dashboard","_id":"Focus-on-your-main-pages","_score":0,"_source":{"title":"Focus on your main pages","hits":0,"description":"","panelsJSON":"[{\"col\":1,\"id\":\"Page-group-distribution\",\"row\":3,\"size_x\":4,\"size_y\":5,\"type\":\"visualization\"},{\"col\":1,\"id\":\"Page-group-and-status-distribution\",\"row\":8,\"size_x\":9,\"size_y\":5,\"type\":\"visualization\"},{\"col\":10,\"id\":\"Group-page-average-bytes\",\"row\":8,\"size_x\":3,\"size_y\":5,\"type\":\"visualization\"},{\"col\":5,\"id\":\"Page-group-crawl-distribution\",\"row\":3,\"size_x\":8,\"size_y\":5,\"type\":\"visualization\"},{\"id\":\"Navigation\",\"type\":\"visualization\",\"size_x\":12,\"size_y\":2,\"col\":1,\"row\":1}]","version":1,"timeRestore":true,"timeTo":"2015-08-28T21:59:59.000Z","timeFrom":"2015-07-28T22:00:00.000Z","kibanaSavedObjectMeta":{"searchSourceJSON":"{\"filter\":[{\"query\":{\"query_string\":{\"analyze_wildcard\":true,\"query\":\"*\"}}}]}"}}}
,{"_index":".kibana","_type":"visualization","_id":"Pages-crawled","_score":0,"_source":{"title":"Pages crawled","visState":"{\n  \"type\": \"metric\",\n  \"params\": {\n    \"fontSize\": \"40\"\n  },\n  \"aggs\": [\n    {\n      \"id\": \"1\",\n      \"type\": \"count\",\n      \"schema\": \"metric\",\n      \"params\": {}\n    }\n  ],\n  \"listeners\": {}\n}","description":"","version":1,"kibanaSavedObjectMeta":{"searchSourceJSON":"{\n  \"filter\": []\n}"},"savedSearchId":"event-is-bot"}}
,{"_index":".kibana","_type":"visualization","_id":"Active-pages-by-group-per-day","_score":0,"_source":{"title":"Active pages by group per day","visState":"{\n  \"type\": \"histogram\",\n  \"params\": {\n    \"shareYAxis\": true,\n    \"addTooltip\": true,\n    \"addLegend\": true,\n    \"scale\": \"linear\",\n    \"mode\": \"stacked\",\n    \"times\": [],\n    \"addTimeMarker\": false,\n    \"defaultYExtents\": false,\n    \"setYExtents\": false,\n    \"yAxis\": {\n      \"min\": 30000,\n      \"max\": 180000\n    }\n  },\n  \"aggs\": [\n    {\n      \"id\": \"1\",\n      \"type\": \"cardinality\",\n      \"schema\": \"metric\",\n      \"params\": {\n        \"field\": \"request.raw\"\n      }\n    },\n    {\n      \"id\": \"2\",\n      \"type\": \"date_histogram\",\n      \"schema\": \"segment\",\n      \"params\": {\n        \"field\": \"@timestamp\",\n        \"interval\": \"d\",\n        \"customInterval\": \"2h\",\n        \"min_doc_count\": 1,\n        \"extended_bounds\": {}\n      }\n    },\n    {\n      \"id\": \"3\",\n      \"type\": \"terms\",\n      \"schema\": \"group\",\n      \"params\": {\n        \"field\": \"category.raw\",\n        \"size\": 5,\n        \"order\": \"desc\",\n        \"orderBy\": \"1\"\n      }\n    }\n  ],\n  \"listeners\": {}\n}","description":"","version":1,"kibanaSavedObjectMeta":{"searchSourceJSON":"{\n  \"filter\": []\n}"},"savedSearchId":"event-is-visit"}}
,{"_index":".kibana","_type":"visualization","_id":"200","_score":0,"_source":{"title":"200","visState":"{\"type\":\"metric\",\"params\":{\"fontSize\":\"40\"},\"aggs\":[{\"id\":\"1\",\"type\":\"count\",\"schema\":\"metric\",\"params\":{}}],\"listeners\":{}}","description":"","savedSearchId":"200","version":1,"kibanaSavedObjectMeta":{"searchSourceJSON":"{\"filter\":[]}"}}}
,{"_index":".kibana","_type":"visualization","_id":"Page-group-and-status-distribution","_score":0,"_source":{"title":"Page group and status distribution","visState":"{\"type\":\"histogram\",\"params\":{\"shareYAxis\":true,\"addTooltip\":true,\"addLegend\":true,\"scale\":\"linear\",\"mode\":\"stacked\",\"times\":[],\"addTimeMarker\":false,\"defaultYExtents\":false,\"setYExtents\":false,\"yAxis\":{}},\"aggs\":[{\"id\":\"1\",\"type\":\"count\",\"schema\":\"metric\",\"params\":{}},{\"id\":\"2\",\"type\":\"terms\",\"schema\":\"segment\",\"params\":{\"field\":\"category.raw\",\"size\":50,\"order\":\"desc\",\"orderBy\":\"1\"}},{\"id\":\"3\",\"type\":\"terms\",\"schema\":\"group\",\"params\":{\"field\":\"response\",\"size\":50,\"order\":\"desc\",\"orderBy\":\"1\"}}],\"listeners\":{}}","description":"","version":1,"kibanaSavedObjectMeta":{"searchSourceJSON":"{\"index\":\"logstash-*\",\"query\":{\"query_string\":{\"query\":\"*\",\"analyze_wildcard\":true}},\"filter\":[]}"}}}
,{"_index":".kibana","_type":"config","_id":"4.2.0","_score":0,"_source":{"buildNum":8814,"defaultIndex":"logstash-*","embed:enableFilters":false,"embed:showTitle":false}}
,{"_index":".kibana","_type":"visualization","_id":"Group-page-average-bytes","_score":0,"_source":{"title":"Page group average bytes","visState":"{\"type\":\"table\",\"params\":{\"perPage\":10,\"showPartialRows\":false,\"showMeticsAtAllLevels\":false},\"aggs\":[{\"id\":\"1\",\"type\":\"avg\",\"schema\":\"metric\",\"params\":{\"field\":\"bytes\"}},{\"id\":\"2\",\"type\":\"terms\",\"schema\":\"bucket\",\"params\":{\"field\":\"category.raw\",\"size\":50,\"order\":\"desc\",\"orderBy\":\"1\"}}],\"listeners\":{}}","description":"","version":1,"kibanaSavedObjectMeta":{"searchSourceJSON":"{\"index\":\"logstash-*\",\"query\":{\"query_string\":{\"query\":\"*\",\"analyze_wildcard\":true}},\"filter\":[]}"}}}
,{"_index":".kibana","_type":"visualization","_id":"Status-distribution","_score":0,"_source":{"title":"Status distribution","visState":"{\"type\":\"pie\",\"params\":{\"shareYAxis\":true,\"addTooltip\":true,\"addLegend\":true,\"isDonut\":true},\"aggs\":[{\"id\":\"1\",\"type\":\"count\",\"schema\":\"metric\",\"params\":{}},{\"id\":\"2\",\"type\":\"terms\",\"schema\":\"segment\",\"params\":{\"field\":\"response\",\"size\":50,\"order\":\"desc\",\"orderBy\":\"1\"}}],\"listeners\":{}}","description":"","version":1,"kibanaSavedObjectMeta":{"searchSourceJSON":"{\"index\":\"logstash-*\",\"query\":{\"query_string\":{\"query\":\"*\",\"analyze_wildcard\":true}},\"filter\":[]}"}}}
,{"_index":".kibana","_type":"visualization","_id":"Page-group-distribution","_score":0,"_source":{"title":"Page group distribution","visState":"{\"type\":\"pie\",\"params\":{\"shareYAxis\":true,\"addTooltip\":true,\"addLegend\":true,\"isDonut\":false},\"aggs\":[{\"id\":\"1\",\"type\":\"cardinality\",\"schema\":\"metric\",\"params\":{\"field\":\"request.raw\"}},{\"id\":\"2\",\"type\":\"terms\",\"schema\":\"segment\",\"params\":{\"field\":\"category.raw\",\"size\":50,\"order\":\"desc\",\"orderBy\":\"1\"}}],\"listeners\":{}}","description":"","version":1,"kibanaSavedObjectMeta":{"searchSourceJSON":"{\"index\":\"logstash-*\",\"query\":{\"query_string\":{\"query\":\"*\",\"analyze_wildcard\":true}},\"filter\":[]}"}}}
,{"_index":".kibana","_type":"visualization","_id":"Sum-of-bytes-slash-page-group-slash-day","_score":0,"_source":{"title":"Sum of bytes / page group / day","visState":"{\"type\":\"area\",\"params\":{\"shareYAxis\":true,\"addTooltip\":true,\"addLegend\":true,\"smoothLines\":false,\"scale\":\"linear\",\"interpolate\":\"linear\",\"mode\":\"stacked\",\"times\":[],\"addTimeMarker\":false,\"defaultYExtents\":false,\"setYExtents\":false,\"yAxis\":{}},\"aggs\":[{\"id\":\"1\",\"type\":\"sum\",\"schema\":\"metric\",\"params\":{\"field\":\"bytes\"}},{\"id\":\"2\",\"type\":\"date_histogram\",\"schema\":\"segment\",\"params\":{\"field\":\"@timestamp\",\"interval\":\"d\",\"customInterval\":\"2h\",\"min_doc_count\":1,\"extended_bounds\":{}}},{\"id\":\"3\",\"type\":\"terms\",\"schema\":\"group\",\"params\":{\"field\":\"category.raw\",\"size\":50,\"order\":\"desc\",\"orderBy\":\"1\"}}],\"listeners\":{}}","description":"","version":1,"kibanaSavedObjectMeta":{"searchSourceJSON":"{\"index\":\"logstash-*\",\"query\":{\"query_string\":{\"query\":\"*\",\"analyze_wildcard\":true}},\"filter\":[]}"}}}
,{"_index":".kibana","_type":"visualization","_id":"Navigation","_score":0,"_source":{"title":"Navigation","visState":"{\"type\":\"markdown\",\"params\":{\"markdown\":\"> Menu\\n\\n- #####Overview : [Bots activity][1_botsactivity] | [Performances][1_performances] | [Focus on your main pages][1_pagegroup]\\n\\n- #####Daily monitoring : [Crawl][2_crawl] | [Performances][2_performances]\\n\\n- #####[URL Viewer][3_urlviewer]\\n\\n[1_botsactivity]:/#/dashboard/Bots-activity\\n\\n[1_performances]: /#/dashboard/Performances\\n\\n\\n[1_pagegroup]: /#/dashboard/Focus-on-your-main-pages\\n\\n\\n[2_crawl]: /#/dashboard/Daily-monitoring-:-crawl\\n\\n\\n[2_performances]:/#/dashboard/Daily-monitoring-:-performances\\n\\n\\n[3_urlviewer]: /#/dashboard/Url-viewer\"},\"aggs\":[],\"listeners\":{}}","description":"","version":1,"kibanaSavedObjectMeta":{"searchSourceJSON":"{\"query\":{\"query_string\":{\"analyze_wildcard\":true,\"query\":\"*\"}},\"filter\":[]}"}}}
,{"_index":".kibana","_type":"search","_id":"4xx","_score":0,"_source":{"title":"4xx","description":"","hits":0,"columns":["_source"],"sort":["@timestamp","desc"],"version":1,"kibanaSavedObjectMeta":{"searchSourceJSON":"{\"index\":\"logstash-*\",\"highlight\":{\"pre_tags\":[\"@kibana-highlighted-field@\"],\"post_tags\":[\"@/kibana-highlighted-field@\"],\"fields\":{\"*\":{}},\"require_field_match\":false,\"fragment_size\":2147483647},\"filter\":[],\"query\":{\"query_string\":{\"query\":\"response:[400 TO 499]\",\"analyze_wildcard\":true}}}"}}}
,{"_index":".kibana","_type":"visualization","_id":"Googlebots-distribution","_score":0,"_source":{"title":"Googlebots distribution","visState":"{\n  \"type\": \"pie\",\n  \"params\": {\n    \"shareYAxis\": true,\n    \"addTooltip\": true,\n    \"addLegend\": true,\n    \"isDonut\": true\n  },\n  \"aggs\": [\n    {\n      \"id\": \"1\",\n      \"type\": \"count\",\n      \"schema\": \"metric\",\n      \"params\": {}\n    },\n    {\n      \"id\": \"2\",\n      \"type\": \"terms\",\n      \"schema\": \"segment\",\n      \"params\": {\n        \"field\": \"bot.raw\",\n        \"size\": 5,\n        \"order\": \"desc\",\n        \"orderBy\": \"1\"\n      }\n    }\n  ],\n  \"listeners\": {}\n}","description":"","version":1,"kibanaSavedObjectMeta":{"searchSourceJSON":"{\n  \"filter\": []\n}"},"savedSearchId":"event-is-bot"}}
,{"_index":".kibana","_type":"search","_id":"200","_score":0,"_source":{"title":"200","description":"","hits":0,"columns":["response"],"sort":["@timestamp","desc"],"version":1,"kibanaSavedObjectMeta":{"searchSourceJSON":"{\"index\":\"logstash-*\",\"query\":{\"query_string\":{\"query\":\"response:200\",\"analyze_wildcard\":true}},\"highlight\":{\"pre_tags\":[\"@kibana-highlighted-field@\"],\"post_tags\":[\"@/kibana-highlighted-field@\"],\"fields\":{\"*\":{}},\"fragment_size\":2147483647},\"filter\":[]}"}}}
,{"_index":".kibana","_type":"visualization","_id":"Unique-crawled-pages","_score":0,"_source":{"title":"Unique pages crawled","visState":"{\n  \"type\": \"metric\",\n  \"params\": {\n    \"fontSize\": \"40\"\n  },\n  \"aggs\": [\n    {\n      \"id\": \"1\",\n      \"type\": \"cardinality\",\n      \"schema\": \"metric\",\n      \"params\": {\n        \"field\": \"request.raw\"\n      }\n    }\n  ],\n  \"listeners\": {}\n}","description":"","version":1,"kibanaSavedObjectMeta":{"searchSourceJSON":"{\n  \"filter\": []\n}"},"savedSearchId":"event-is-bot"}}
,{"_index":".kibana","_type":"visualization","_id":"SEO-visits-filtered","_score":0,"_source":{"title":"SEO visits - filtered","visState":"{\"type\":\"metric\",\"params\":{\"fontSize\":60},\"aggs\":[{\"id\":\"1\",\"type\":\"count\",\"schema\":\"metric\",\"params\":{}}],\"listeners\":{}}","description":"","savedSearchId":"event-is-visit","version":1,"kibanaSavedObjectMeta":{"searchSourceJSON":"{\"filter\":[]}"}}}
,{"_index":".kibana","_type":"visualization","_id":"bot-hits-filtered","_score":0,"_source":{"title":"bot hits - filtered","visState":"{\"type\":\"metric\",\"params\":{\"fontSize\":60},\"aggs\":[{\"id\":\"1\",\"type\":\"count\",\"schema\":\"metric\",\"params\":{}}],\"listeners\":{}}","description":"","savedSearchId":"event-is-bot","version":1,"kibanaSavedObjectMeta":{"searchSourceJSON":"{\"filter\":[]}"}}}
,{"_index":".kibana","_type":"visualization","_id":"4xx","_score":0,"_source":{"title":"4xx","visState":"{\"type\":\"metric\",\"params\":{\"fontSize\":\"40\"},\"aggs\":[{\"id\":\"1\",\"type\":\"count\",\"schema\":\"metric\",\"params\":{}}],\"listeners\":{}}","description":"","savedSearchId":"4xx","version":1,"kibanaSavedObjectMeta":{"searchSourceJSON":"{\"filter\":[]}"}}}
,{"_index":".kibana","_type":"visualization","_id":"Top-active-pages-(50)","_score":0,"_source":{"title":"Top active pages (50)","visState":"{\n  \"type\": \"table\",\n  \"params\": {\n    \"perPage\": 10,\n    \"showPartialRows\": false,\n    \"showMeticsAtAllLevels\": false\n  },\n  \"aggs\": [\n    {\n      \"id\": \"1\",\n      \"type\": \"count\",\n      \"schema\": \"metric\",\n      \"params\": {}\n    },\n    {\n      \"id\": \"2\",\n      \"type\": \"terms\",\n      \"schema\": \"bucket\",\n      \"params\": {\n        \"field\": \"request.raw\",\n        \"size\": 50,\n        \"order\": \"desc\",\n        \"orderBy\": \"1\"\n      }\n    }\n  ],\n  \"listeners\": {}\n}","description":"","savedSearchId":"Exclude-ressources-visites","version":1,"kibanaSavedObjectMeta":{"searchSourceJSON":"{\n  \"filter\": []\n}"}}}
,{"_index":".kibana","_type":"index-pattern","_id":"logstash-*","_score":0,"_source":{"title":"logstash-*","timeFieldName":"@timestamp","fields":"[{\"name\":\"_index\",\"type\":\"string\",\"count\":1,\"scripted\":false,\"indexed\":false,\"analyzed\":false,\"doc_values\":false},{\"name\":\"_type\",\"type\":\"string\",\"count\":1,\"scripted\":false,\"indexed\":true,\"analyzed\":false,\"doc_values\":false},{\"name\":\"geoip.location\",\"type\":\"geo_point\",\"count\":0,\"scripted\":false,\"indexed\":true,\"analyzed\":false,\"doc_values\":false},{\"name\":\"@version\",\"type\":\"string\",\"count\":1,\"scripted\":false,\"indexed\":true,\"analyzed\":false,\"doc_values\":false},{\"name\":\"_source\",\"type\":\"_source\",\"count\":0,\"scripted\":false,\"indexed\":false,\"analyzed\":false,\"doc_values\":false},{\"name\":\"_id\",\"type\":\"string\",\"count\":2,\"scripted\":false,\"indexed\":false,\"analyzed\":false,\"doc_values\":false},{\"name\":\"geoip.timezone\",\"type\":\"string\",\"count\":0,\"scripted\":false,\"indexed\":true,\"analyzed\":true,\"doc_values\":false},{\"name\":\"agent\",\"type\":\"string\",\"count\":1,\"scripted\":false,\"indexed\":true,\"analyzed\":true,\"doc_values\":false},{\"name\":\"bot.raw\",\"type\":\"string\",\"count\":0,\"scripted\":false,\"indexed\":true,\"analyzed\":false,\"doc_values\":false},{\"name\":\"auth\",\"type\":\"string\",\"count\":2,\"scripted\":false,\"indexed\":true,\"analyzed\":true,\"doc_values\":false},{\"name\":\"ident\",\"type\":\"string\",\"count\":2,\"scripted\":false,\"indexed\":true,\"analyzed\":true,\"doc_values\":false},{\"name\":\"geoip.area_code\",\"type\":\"number\",\"count\":1,\"scripted\":false,\"indexed\":true,\"analyzed\":false,\"doc_values\":false},{\"name\":\"timestamp.raw\",\"type\":\"string\",\"count\":0,\"scripted\":false,\"indexed\":true,\"analyzed\":false,\"doc_values\":false},{\"name\":\"type\",\"type\":\"string\",\"count\":2,\"scripted\":false,\"indexed\":true,\"analyzed\":true,\"doc_values\":false},{\"name\":\"path\",\"type\":\"string\",\"count\":1,\"scripted\":false,\"indexed\":true,\"analyzed\":true,\"doc_values\":false},{\"name\":\"clientip\",\"type\":\"string\",\"count\":0,\"scripted\":false,\"indexed\":true,\"analyzed\":true,\"doc_values\":false},{\"name\":\"fingerprint\",\"type\":\"string\",\"count\":2,\"scripted\":false,\"indexed\":true,\"analyzed\":true,\"doc_values\":false},{\"name\":\"host\",\"type\":\"string\",\"count\":1,\"scripted\":false,\"indexed\":true,\"analyzed\":true,\"doc_values\":false},{\"name\":\"geoip.longitude\",\"type\":\"number\",\"count\":0,\"scripted\":false,\"indexed\":true,\"analyzed\":false,\"doc_values\":false},{\"name\":\"geoip.country_name.raw\",\"type\":\"string\",\"count\":0,\"scripted\":false,\"indexed\":true,\"analyzed\":false,\"doc_values\":false},{\"name\":\"ident.raw\",\"type\":\"string\",\"count\":0,\"scripted\":false,\"indexed\":true,\"analyzed\":false,\"doc_values\":false},{\"name\":\"tags.raw\",\"type\":\"string\",\"count\":0,\"scripted\":false,\"indexed\":true,\"analyzed\":false,\"doc_values\":false},{\"name\":\"clientip.raw\",\"type\":\"string\",\"count\":0,\"scripted\":false,\"indexed\":true,\"analyzed\":false,\"doc_values\":false},{\"name\":\"verb\",\"type\":\"string\",\"count\":2,\"scripted\":false,\"indexed\":true,\"analyzed\":true,\"doc_values\":false},{\"name\":\"geoip.region_name\",\"type\":\"string\",\"count\":0,\"scripted\":false,\"indexed\":true,\"analyzed\":true,\"doc_values\":false},{\"name\":\"auth.raw\",\"type\":\"string\",\"count\":0,\"scripted\":false,\"indexed\":true,\"analyzed\":false,\"doc_values\":false},{\"name\":\"tags\",\"type\":\"string\",\"count\":2,\"scripted\":false,\"indexed\":true,\"analyzed\":true,\"doc_values\":false},{\"name\":\"httpversion.raw\",\"type\":\"string\",\"count\":0,\"scripted\":false,\"indexed\":true,\"analyzed\":false,\"doc_values\":false},{\"name\":\"request.raw\",\"type\":\"string\",\"count\":0,\"scripted\":false,\"indexed\":true,\"analyzed\":false,\"doc_values\":false},{\"name\":\"agent.raw\",\"type\":\"string\",\"count\":0,\"scripted\":false,\"indexed\":true,\"analyzed\":false,\"doc_values\":false},{\"name\":\"geoip.real_region_name\",\"type\":\"string\",\"count\":0,\"scripted\":false,\"indexed\":true,\"analyzed\":true,\"doc_values\":false},{\"name\":\"geoip.continent_code.raw\",\"type\":\"string\",\"count\":0,\"scripted\":false,\"indexed\":true,\"analyzed\":false,\"doc_values\":false},{\"name\":\"geoip.latitude\",\"type\":\"number\",\"count\":0,\"scripted\":false,\"indexed\":true,\"analyzed\":false,\"doc_values\":false},{\"name\":\"geoip.ip.raw\",\"type\":\"string\",\"count\":0,\"scripted\":false,\"indexed\":true,\"analyzed\":false,\"doc_values\":false},{\"name\":\"geoip.city_name.raw\",\"type\":\"string\",\"count\":0,\"scripted\":false,\"indexed\":true,\"analyzed\":false,\"doc_values\":false},{\"name\":\"geoip.continent_code\",\"type\":\"string\",\"count\":0,\"scripted\":false,\"indexed\":true,\"analyzed\":true,\"doc_values\":false},{\"name\":\"geoip.country_code2.raw\",\"type\":\"string\",\"count\":0,\"scripted\":false,\"indexed\":true,\"analyzed\":false,\"doc_values\":false},{\"name\":\"geoip.timezone.raw\",\"type\":\"string\",\"count\":0,\"scripted\":false,\"indexed\":true,\"analyzed\":false,\"doc_values\":false},{\"name\":\"request\",\"type\":\"string\",\"count\":3,\"scripted\":false,\"indexed\":true,\"analyzed\":true,\"doc_values\":false},{\"name\":\"referrer.raw\",\"type\":\"string\",\"count\":0,\"scripted\":false,\"indexed\":true,\"analyzed\":false,\"doc_values\":false},{\"name\":\"bot\",\"type\":\"string\",\"count\":3,\"scripted\":false,\"indexed\":true,\"analyzed\":true,\"doc_values\":false},{\"name\":\"geoip.country_code3.raw\",\"type\":\"string\",\"count\":0,\"scripted\":false,\"indexed\":true,\"analyzed\":false,\"doc_values\":false},{\"name\":\"geoip.ip\",\"type\":\"string\",\"count\":0,\"scripted\":false,\"indexed\":true,\"analyzed\":true,\"doc_values\":false},{\"name\":\"geoip.dma_code\",\"type\":\"number\",\"count\":0,\"scripted\":false,\"indexed\":true,\"analyzed\":false,\"doc_values\":false},{\"name\":\"geoip.country_code3\",\"type\":\"string\",\"count\":0,\"scripted\":false,\"indexed\":true,\"analyzed\":true,\"doc_values\":false},{\"name\":\"geoip.country_code2\",\"type\":\"string\",\"count\":0,\"scripted\":false,\"indexed\":true,\"analyzed\":true,\"doc_values\":false},{\"name\":\"geoip.region_name.raw\",\"type\":\"string\",\"count\":0,\"scripted\":false,\"indexed\":true,\"analyzed\":false,\"doc_values\":false},{\"name\":\"geoip.country_name\",\"type\":\"string\",\"count\":0,\"scripted\":false,\"indexed\":true,\"analyzed\":true,\"doc_values\":false},{\"name\":\"path.raw\",\"type\":\"string\",\"count\":0,\"scripted\":false,\"indexed\":true,\"analyzed\":false,\"doc_values\":false},{\"name\":\"timestamp\",\"type\":\"string\",\"count\":0,\"scripted\":false,\"indexed\":true,\"analyzed\":true,\"doc_values\":false},{\"name\":\"host.raw\",\"type\":\"string\",\"count\":0,\"scripted\":false,\"indexed\":true,\"analyzed\":false,\"doc_values\":false},{\"name\":\"geoip.city_name\",\"type\":\"string\",\"count\":1,\"scripted\":false,\"indexed\":true,\"analyzed\":true,\"doc_values\":false},{\"name\":\"type.raw\",\"type\":\"string\",\"count\":0,\"scripted\":false,\"indexed\":true,\"analyzed\":false,\"doc_values\":false},{\"name\":\"message\",\"type\":\"string\",\"count\":2,\"scripted\":false,\"indexed\":true,\"analyzed\":true,\"doc_values\":false},{\"name\":\"geoip.real_region_name.raw\",\"type\":\"string\",\"count\":0,\"scripted\":false,\"indexed\":true,\"analyzed\":false,\"doc_values\":false},{\"name\":\"category.raw\",\"type\":\"string\",\"count\":0,\"scripted\":false,\"indexed\":true,\"analyzed\":false,\"doc_values\":false},{\"name\":\"referrer\",\"type\":\"string\",\"count\":1,\"scripted\":false,\"indexed\":true,\"analyzed\":true,\"doc_values\":false},{\"name\":\"fingerprint.raw\",\"type\":\"string\",\"count\":0,\"scripted\":false,\"indexed\":true,\"analyzed\":false,\"doc_values\":false},{\"name\":\"response\",\"type\":\"number\",\"count\":1,\"scripted\":false,\"indexed\":true,\"analyzed\":false,\"doc_values\":false},{\"name\":\"httpversion\",\"type\":\"string\",\"count\":2,\"scripted\":false,\"indexed\":true,\"analyzed\":true,\"doc_values\":false},{\"name\":\"category\",\"type\":\"string\",\"count\":5,\"scripted\":false,\"indexed\":true,\"analyzed\":true,\"doc_values\":false},{\"name\":\"verb.raw\",\"type\":\"string\",\"count\":0,\"scripted\":false,\"indexed\":true,\"analyzed\":false,\"doc_values\":false},{\"name\":\"geoip.postal_code.raw\",\"type\":\"string\",\"count\":0,\"scripted\":false,\"indexed\":true,\"analyzed\":false,\"doc_values\":false},{\"name\":\"geoip.postal_code\",\"type\":\"string\",\"count\":0,\"scripted\":false,\"indexed\":true,\"analyzed\":true,\"doc_values\":false},{\"name\":\"bytes\",\"type\":\"number\",\"count\":2,\"scripted\":false,\"indexed\":true,\"analyzed\":false,\"doc_values\":false},{\"name\":\"@timestamp\",\"type\":\"date\",\"count\":2,\"scripted\":false,\"indexed\":true,\"analyzed\":false,\"doc_values\":false}]","fieldFormatMap":"{\"bytes\":{\"id\":\"bytes\"},\"@timestamp\":{\"id\":\"date\",\"params\":{\"pattern\":\"dddd, Do MMMM YYYY\"}}}"}}
,{"_index":".kibana","_type":"visualization","_id":"3xx","_score":0,"_source":{"title":"3xx","visState":"{\"type\":\"metric\",\"params\":{\"fontSize\":\"40\"},\"aggs\":[{\"id\":\"1\",\"type\":\"count\",\"schema\":\"metric\",\"params\":{}}],\"listeners\":{}}","description":"","savedSearchId":"3xx","version":1,"kibanaSavedObjectMeta":{"searchSourceJSON":"{\"filter\":[]}"}}}
,{"_index":".kibana","_type":"search","_id":"404","_score":0,"_source":{"title":"404","description":"","hits":0,"columns":["response"],"sort":["response","asc"],"version":1,"kibanaSavedObjectMeta":{"searchSourceJSON":"{\"index\":\"logstash-*\",\"query\":{\"query_string\":{\"query\":\"response:404\",\"analyze_wildcard\":true}},\"highlight\":{\"pre_tags\":[\"@kibana-highlighted-field@\"],\"post_tags\":[\"@/kibana-highlighted-field@\"],\"fields\":{\"*\":{}},\"fragment_size\":2147483647},\"filter\":[]}"}}}
,{"_index":".kibana","_type":"dashboard","_id":"Performances","_score":0,"_source":{"title":"Performances","hits":0,"description":"","panelsJSON":"[{\"col\":1,\"id\":\"Status-distribution\",\"row\":3,\"size_x\":6,\"size_y\":3,\"type\":\"visualization\"},{\"col\":7,\"id\":\"Status-and-Googlebots-distribution\",\"row\":3,\"size_x\":6,\"size_y\":3,\"type\":\"visualization\"},{\"col\":1,\"id\":\"200\",\"row\":6,\"size_x\":3,\"size_y\":2,\"type\":\"visualization\"},{\"col\":4,\"id\":\"3xx\",\"row\":6,\"size_x\":3,\"size_y\":2,\"type\":\"visualization\"},{\"col\":7,\"id\":\"404\",\"row\":6,\"size_x\":3,\"size_y\":2,\"type\":\"visualization\"},{\"col\":10,\"id\":\"5xx\",\"row\":6,\"size_x\":3,\"size_y\":2,\"type\":\"visualization\"},{\"col\":1,\"id\":\"Crawled-pages-TOP-50-slash-status\",\"row\":8,\"size_x\":12,\"size_y\":5,\"type\":\"visualization\"},{\"col\":1,\"id\":\"Average-bytes\",\"row\":13,\"size_x\":6,\"size_y\":2,\"type\":\"visualization\"},{\"col\":7,\"id\":\"Too-heavy-pages\",\"row\":13,\"size_x\":6,\"size_y\":2,\"type\":\"visualization\"},{\"col\":1,\"id\":\"Top-heaviest-pages\",\"row\":15,\"size_x\":12,\"size_y\":5,\"type\":\"visualization\"},{\"id\":\"Navigation\",\"type\":\"visualization\",\"size_x\":12,\"size_y\":2,\"col\":1,\"row\":1}]","version":1,"timeRestore":true,"timeTo":"2015-08-28T21:59:59.000Z","timeFrom":"2015-07-28T22:00:00.000Z","kibanaSavedObjectMeta":{"searchSourceJSON":"{\"filter\":[{\"query\":{\"query_string\":{\"analyze_wildcard\":true,\"query\":\"*\"}}}]}"}}}
,{"_index":".kibana","_type":"visualization","_id":"404","_score":0,"_source":{"title":"404","visState":"{\"type\":\"metric\",\"params\":{\"fontSize\":\"40\"},\"aggs\":[{\"id\":\"1\",\"type\":\"count\",\"schema\":\"metric\",\"params\":{}}],\"listeners\":{}}","description":"","savedSearchId":"404","version":1,"kibanaSavedObjectMeta":{"searchSourceJSON":"{\"filter\":[]}"}}}
,{"_index":".kibana","_type":"visualization","_id":"Crawl-slash-day-slash-Googlebots","_score":0,"_source":{"title":"Crawl / day / Googlebots","visState":"{\"type\":\"histogram\",\"params\":{\"addLegend\":true,\"addTimeMarker\":false,\"addTooltip\":true,\"defaultYExtents\":false,\"mode\":\"stacked\",\"scale\":\"linear\",\"setYExtents\":false,\"shareYAxis\":true,\"times\":[],\"yAxis\":{}},\"aggs\":[{\"id\":\"1\",\"type\":\"count\",\"schema\":\"metric\",\"params\":{}},{\"id\":\"2\",\"type\":\"date_histogram\",\"schema\":\"segment\",\"params\":{\"field\":\"@timestamp\",\"interval\":\"d\",\"customInterval\":\"2h\",\"min_doc_count\":1,\"extended_bounds\":{}}},{\"id\":\"4\",\"type\":\"terms\",\"schema\":\"group\",\"params\":{\"field\":\"bot.raw\",\"size\":5,\"order\":\"desc\",\"orderBy\":\"1\"}}],\"listeners\":{}}","description":"","version":1,"kibanaSavedObjectMeta":{"searchSourceJSON":"{\"index\":\"logstash-*\",\"query\":{\"query_string\":{\"analyze_wildcard\":true,\"query\":\"*\"}},\"filter\":[]}"}}}
,{"_index":".kibana","_type":"visualization","_id":"Average-bytes","_score":0,"_source":{"title":"Average bytes","visState":"{\"type\":\"metric\",\"params\":{\"fontSize\":\"40\"},\"aggs\":[{\"id\":\"1\",\"type\":\"avg\",\"schema\":\"metric\",\"params\":{\"field\":\"bytes\"}}],\"listeners\":{}}","description":"","version":1,"kibanaSavedObjectMeta":{"searchSourceJSON":"{\"index\":\"logstash-*\",\"query\":{\"query_string\":{\"query\":\"*\",\"analyze_wildcard\":true}},\"filter\":[]}"}}}
,{"_index":".kibana","_type":"search","_id":"3xx","_score":0,"_source":{"title":"3xx","description":"","hits":0,"columns":["response"],"sort":["response","asc"],"version":1,"kibanaSavedObjectMeta":{"searchSourceJSON":"{\"index\":\"logstash-*\",\"query\":{\"query_string\":{\"query\":\"response:[300 TO 399]\",\"analyze_wildcard\":true}},\"highlight\":{\"pre_tags\":[\"@kibana-highlighted-field@\"],\"post_tags\":[\"@/kibana-highlighted-field@\"],\"fields\":{\"*\":{}},\"fragment_size\":2147483647},\"filter\":[]}"}}}
,{"_index":".kibana","_type":"search","_id":"301","_score":0,"_source":{"title":"301","description":"","hits":0,"columns":["_source"],"sort":["@timestamp","desc"],"version":1,"kibanaSavedObjectMeta":{"searchSourceJSON":"{\"index\":\"logstash-*\",\"highlight\":{\"pre_tags\":[\"@kibana-highlighted-field@\"],\"post_tags\":[\"@/kibana-highlighted-field@\"],\"fields\":{\"*\":{}},\"require_field_match\":false,\"fragment_size\":2147483647},\"filter\":[],\"query\":{\"query_string\":{\"query\":\"response:301\",\"analyze_wildcard\":true}}}"}}}
,{"_index":".kibana","_type":"visualization","_id":"301","_score":0,"_source":{"title":"301","visState":"{\"type\":\"metric\",\"params\":{\"fontSize\":\"40\"},\"aggs\":[{\"id\":\"1\",\"type\":\"count\",\"schema\":\"metric\",\"params\":{}}],\"listeners\":{}}","description":"","savedSearchId":"301","version":1,"kibanaSavedObjectMeta":{"searchSourceJSON":"{\"filter\":[]}"}}}
,{"_index":".kibana","_type":"search","_id":"event-is-bot","_score":0,"_source":{"title":"event is bot","description":"","hits":0,"columns":["seoVisit","bot","category"],"sort":["@timestamp","asc"],"version":1,"kibanaSavedObjectMeta":{"searchSourceJSON":"{\"index\":\"logstash-*\",\"highlight\":{\"pre_tags\":[\"@kibana-highlighted-field@\"],\"post_tags\":[\"@/kibana-highlighted-field@\"],\"fields\":{\"*\":{}},\"require_field_match\":false,\"fragment_size\":2147483647},\"filter\":[],\"query\":{\"query_string\":{\"query\":\"_missing_:seoVisit\",\"analyze_wildcard\":true}}}"}}}
,{"_index":".kibana","_type":"search","_id":"Include-ressources","_score":0,"_source":{"title":"Include ressources","description":"","hits":0,"columns":["request","seoVisit","bot"],"sort":["@timestamp","desc"],"version":1,"kibanaSavedObjectMeta":{"searchSourceJSON":"{\"index\":\"logstash-*\",\"query\":{\"query_string\":{\"query\":\"( request:*.gif OR request:*.png OR request:*.jpg  OR request:*.jpeg OR request:*.ttf OR request:*.woff OR request:*.css OR request:*.js  OR request:*.txt OR request:*.gz OR request:*.rss OR request:*.xml OR request:*.pdf )  AND _missing_:seoVisit\",\"analyze_wildcard\":true}},\"highlight\":{\"pre_tags\":[\"@kibana-highlighted-field@\"],\"post_tags\":[\"@/kibana-highlighted-field@\"],\"fields\":{\"*\":{}},\"require_field_match\":false,\"fragment_size\":2147483647},\"filter\":[]}"}}}
,{"_index":".kibana","_type":"visualization","_id":"SEO-visits-by-group","_score":0,"_source":{"title":"SEO visits by group","visState":"{\n  \"type\": \"pie\",\n  \"params\": {\n    \"shareYAxis\": true,\n    \"addTooltip\": true,\n    \"addLegend\": true,\n    \"isDonut\": true\n  },\n  \"aggs\": [\n    {\n      \"id\": \"1\",\n      \"type\": \"count\",\n      \"schema\": \"metric\",\n      \"params\": {}\n    },\n    {\n      \"id\": \"2\",\n      \"type\": \"terms\",\n      \"schema\": \"segment\",\n      \"params\": {\n        \"field\": \"category.raw\",\n        \"size\": 5,\n        \"order\": \"desc\",\n        \"orderBy\": \"1\"\n      }\n    }\n  ],\n  \"listeners\": {}\n}","description":"","version":1,"kibanaSavedObjectMeta":{"searchSourceJSON":"{\n  \"filter\": []\n}"},"savedSearchId":"event-is-visit"}}
,{"_index":".kibana","_type":"visualization","_id":"Status-and-Googlebots-distribution","_score":0,"_source":{"title":"Status and Googlebots distribution","visState":"{\n  \"aggs\": [\n    {\n      \"id\": \"1\",\n      \"params\": {},\n      \"schema\": \"metric\",\n      \"type\": \"count\"\n    },\n    {\n      \"id\": \"2\",\n      \"params\": {\n        \"field\": \"response\",\n        \"order\": \"desc\",\n        \"orderBy\": \"1\",\n        \"size\": 5\n      },\n      \"schema\": \"segment\",\n      \"type\": \"terms\"\n    },\n    {\n      \"id\": \"3\",\n      \"params\": {\n        \"field\": \"bot.raw\",\n        \"order\": \"desc\",\n        \"orderBy\": \"1\",\n        \"size\": 5\n      },\n      \"schema\": \"group\",\n      \"type\": \"terms\"\n    }\n  ],\n  \"listeners\": {},\n  \"params\": {\n    \"addLegend\": true,\n    \"addTimeMarker\": false,\n    \"addTooltip\": true,\n    \"defaultYExtents\": false,\n    \"mode\": \"stacked\",\n    \"scale\": \"linear\",\n    \"setYExtents\": false,\n    \"shareYAxis\": true,\n    \"times\": [],\n    \"yAxis\": {}\n  },\n  \"type\": \"histogram\"\n}","description":"","version":1,"kibanaSavedObjectMeta":{"searchSourceJSON":"{\n  \"index\": \"logstash-*\",\n  \"query\": {\n    \"query_string\": {\n      \"analyze_wildcard\": true,\n      \"query\": \"*\"\n    }\n  },\n  \"filter\": []\n}"},"savedSearchId":"event-is-bot"}}
,{"_index":".kibana","_type":"visualization","_id":"Status-distribution-by-page-group-slash-day","_score":0,"_source":{"title":"Status distribution by page group / day","visState":"{\"type\":\"histogram\",\"params\":{\"shareYAxis\":true,\"addTooltip\":true,\"addLegend\":true,\"scale\":\"linear\",\"mode\":\"stacked\",\"times\":[],\"addTimeMarker\":false,\"defaultYExtents\":false,\"setYExtents\":false,\"yAxis\":{},\"spyPerPage\":10},\"aggs\":[{\"id\":\"1\",\"type\":\"count\",\"schema\":\"metric\",\"params\":{}},{\"id\":\"4\",\"type\":\"terms\",\"schema\":\"split\",\"params\":{\"field\":\"category.raw\",\"size\":5,\"order\":\"desc\",\"orderBy\":\"1\",\"row\":true}},{\"id\":\"3\",\"type\":\"terms\",\"schema\":\"group\",\"params\":{\"field\":\"response\",\"size\":50,\"order\":\"desc\",\"orderBy\":\"1\"}},{\"id\":\"2\",\"type\":\"date_histogram\",\"schema\":\"segment\",\"params\":{\"field\":\"@timestamp\",\"interval\":\"d\",\"customInterval\":\"2h\",\"min_doc_count\":1,\"extended_bounds\":{}}}],\"listeners\":{}}","description":"","version":1,"kibanaSavedObjectMeta":{"searchSourceJSON":"{\"index\":\"logstash-*\",\"query\":{\"query_string\":{\"query\":\"*\",\"analyze_wildcard\":true}},\"filter\":[]}"}}}
,{"_index":".kibana","_type":"dashboard","_id":"Url-viewer","_score":0,"_source":{"title":"Url viewer","hits":0,"description":"","panelsJSON":"[{\"col\":1,\"id\":\"Url-viewer\",\"row\":3,\"size_x\":12,\"size_y\":9,\"type\":\"visualization\"},{\"id\":\"Navigation\",\"type\":\"visualization\",\"size_x\":12,\"size_y\":2,\"col\":1,\"row\":1}]","version":1,"timeRestore":true,"timeTo":"2015-08-28T21:59:59.999Z","timeFrom":"2015-07-28T22:00:00.000Z","kibanaSavedObjectMeta":{"searchSourceJSON":"{\"filter\":[{\"meta\":{\"apply\":true,\"disabled\":true,\"index\":\"logstash-*\",\"key\":\"category\",\"negate\":false,\"value\":\"construire\"},\"query\":{\"match\":{\"category\":{\"query\":\"construire\",\"type\":\"phrase\"}}}},{\"meta\":{\"apply\":true,\"disabled\":true,\"index\":\"logstash-*\",\"key\":\"category\",\"negate\":false,\"value\":\"photos\"},\"query\":{\"match\":{\"category\":{\"query\":\"photos\",\"type\":\"phrase\"}}}},{\"meta\":{\"apply\":true,\"disabled\":true,\"index\":\"logstash-*\",\"key\":\"category\",\"negate\":false,\"value\":\"other\"},\"query\":{\"match\":{\"category\":{\"query\":\"other\",\"type\":\"phrase\"}}}},{\"meta\":{\"apply\":true,\"disabled\":true,\"index\":\"logstash-*\",\"key\":\"response\",\"negate\":false,\"value\":\"200\"},\"query\":{\"match\":{\"response\":{\"query\":200,\"type\":\"phrase\"}}}},{\"meta\":{\"apply\":true,\"disabled\":true,\"index\":\"logstash-*\",\"key\":\"response\",\"negate\":false,\"value\":\"301\"},\"query\":{\"match\":{\"response\":{\"query\":301,\"type\":\"phrase\"}}}},{\"meta\":{\"apply\":true,\"disabled\":true,\"index\":\"logstash-*\",\"key\":\"response\",\"negate\":false,\"value\":\"302\"},\"query\":{\"match\":{\"response\":{\"query\":302,\"type\":\"phrase\"}}}},{\"meta\":{\"apply\":true,\"disabled\":true,\"index\":\"logstash-*\",\"key\":\"response\",\"negate\":false,\"value\":\"304\"},\"query\":{\"match\":{\"response\":{\"query\":304,\"type\":\"phrase\"}}}},{\"meta\":{\"apply\":true,\"disabled\":true,\"index\":\"logstash-*\",\"key\":\"response\",\"negate\":false,\"value\":\"401\"},\"query\":{\"match\":{\"response\":{\"query\":401,\"type\":\"phrase\"}}}},{\"meta\":{\"apply\":true,\"disabled\":true,\"index\":\"logstash-*\",\"key\":\"response\",\"negate\":false,\"value\":\"403\"},\"query\":{\"match\":{\"response\":{\"query\":403,\"type\":\"phrase\"}}}},{\"meta\":{\"apply\":true,\"disabled\":true,\"index\":\"logstash-*\",\"key\":\"response\",\"negate\":false,\"value\":\"404\"},\"query\":{\"match\":{\"response\":{\"query\":404,\"type\":\"phrase\"}}}},{\"meta\":{\"disabled\":true,\"index\":\"logstash-*\",\"key\":\"response\",\"negate\":false,\"value\":\"500\"},\"query\":{\"match\":{\"response\":{\"query\":500,\"type\":\"phrase\"}}}},{\"query\":{\"query_string\":{\"analyze_wildcard\":true,\"query\":\"*\"}}}]}"}}}
,{"_index":".kibana","_type":"dashboard","_id":"Daily-monitoring-:-performances","_score":0,"_source":{"title":"Daily monitoring : performances","hits":0,"description":"","panelsJSON":"[{\"col\":1,\"id\":\"Status-distribution-slash-day\",\"row\":3,\"size_x\":12,\"size_y\":5,\"type\":\"visualization\"},{\"col\":1,\"id\":\"Sum-of-bytes-slash-day\",\"row\":8,\"size_x\":12,\"size_y\":4,\"type\":\"visualization\"},{\"col\":1,\"id\":\"Sum-of-bytes-slash-page-group-slash-day\",\"row\":12,\"size_x\":12,\"size_y\":4,\"type\":\"visualization\"},{\"col\":1,\"id\":\"Navigation\",\"row\":1,\"size_x\":12,\"size_y\":2,\"type\":\"visualization\"},{\"id\":\"Status-distribution-by-page-group-slash-day\",\"type\":\"visualization\",\"size_x\":12,\"size_y\":12,\"col\":1,\"row\":16}]","version":1,"timeRestore":true,"timeTo":"2015-08-28T21:59:59.000Z","timeFrom":"2015-07-28T22:00:00.000Z","kibanaSavedObjectMeta":{"searchSourceJSON":"{\"filter\":[{\"query\":{\"query_string\":{\"analyze_wildcard\":true,\"query\":\"*\"}}}]}"}}}
,{"_index":".kibana","_type":"visualization","_id":"Top-ressources-crawled-(50)","_score":0,"_source":{"title":"Top ressources crawled (50)","visState":"{\"type\":\"table\",\"params\":{\"perPage\":10,\"showPartialRows\":false,\"showMeticsAtAllLevels\":false},\"aggs\":[{\"id\":\"1\",\"type\":\"count\",\"schema\":\"metric\",\"params\":{}},{\"id\":\"2\",\"type\":\"terms\",\"schema\":\"bucket\",\"params\":{\"field\":\"request.raw\",\"size\":50,\"order\":\"desc\",\"orderBy\":\"1\"}}],\"listeners\":{}}","description":"","savedSearchId":"Include-ressources","version":1,"kibanaSavedObjectMeta":{"searchSourceJSON":"{\"filter\":[]}"}}}
,{"_index":".kibana","_type":"visualization","_id":"Crawled-pages-TOP-50-slash-status","_score":0,"_source":{"title":"Top pages crawled (50) / status","visState":"{\"type\":\"table\",\"params\":{\"perPage\":10,\"showPartialRows\":false,\"showMeticsAtAllLevels\":true},\"aggs\":[{\"id\":\"1\",\"type\":\"count\",\"schema\":\"metric\",\"params\":{}},{\"id\":\"2\",\"type\":\"terms\",\"schema\":\"bucket\",\"params\":{\"field\":\"request.raw\",\"size\":50,\"order\":\"desc\",\"orderBy\":\"1\"}},{\"id\":\"3\",\"type\":\"terms\",\"schema\":\"bucket\",\"params\":{\"field\":\"response\",\"size\":50,\"order\":\"desc\",\"orderBy\":\"1\"}}],\"listeners\":{}}","description":"","version":1,"kibanaSavedObjectMeta":{"searchSourceJSON":"{\"index\":\"logstash-*\",\"query\":{\"query_string\":{\"analyze_wildcard\":true,\"query\":\"*\"}},\"filter\":[]}"}}}
,{"_index":".kibana","_type":"visualization","_id":"Url-viewer","_score":0,"_source":{"title":"Url viewer","visState":"{\"type\":\"table\",\"params\":{\"perPage\":10,\"showPartialRows\":false,\"showMeticsAtAllLevels\":false},\"aggs\":[{\"id\":\"1\",\"type\":\"count\",\"schema\":\"metric\",\"params\":{}},{\"id\":\"2\",\"type\":\"terms\",\"schema\":\"bucket\",\"params\":{\"field\":\"request.raw\",\"size\":100,\"order\":\"desc\",\"orderBy\":\"1\"}},{\"id\":\"4\",\"type\":\"max\",\"schema\":\"metric\",\"params\":{\"field\":\"bytes\"}},{\"id\":\"5\",\"type\":\"terms\",\"schema\":\"bucket\",\"params\":{\"field\":\"response\",\"size\":50,\"order\":\"desc\",\"orderBy\":\"1\"}}],\"listeners\":{}}","description":"","version":1,"kibanaSavedObjectMeta":{"searchSourceJSON":"{\"index\":\"logstash-*\",\"query\":{\"query_string\":{\"analyze_wildcard\":true,\"query\":\"*\"}},\"filter\":[]}"}}}
,{"_index":".kibana","_type":"visualization","_id":"Page-group-crawl-distribution","_score":0,"_source":{"title":"Page group crawl distribution","visState":"{\"type\":\"line\",\"params\":{\"shareYAxis\":true,\"addTooltip\":true,\"addLegend\":true,\"showCircles\":true,\"smoothLines\":false,\"interpolate\":\"linear\",\"scale\":\"linear\",\"drawLinesBetweenPoints\":true,\"radiusRatio\":9,\"times\":[],\"addTimeMarker\":false,\"defaultYExtents\":false,\"setYExtents\":false,\"yAxis\":{}},\"aggs\":[{\"id\":\"1\",\"type\":\"count\",\"schema\":\"metric\",\"params\":{}},{\"id\":\"2\",\"type\":\"cardinality\",\"schema\":\"metric\",\"params\":{\"field\":\"request.raw\"}},{\"id\":\"3\",\"type\":\"terms\",\"schema\":\"segment\",\"params\":{\"field\":\"category.raw\",\"size\":50,\"order\":\"desc\",\"orderBy\":\"1\"}}],\"listeners\":{}}","description":"","version":1,"kibanaSavedObjectMeta":{"searchSourceJSON":"{\"index\":\"logstash-*\",\"query\":{\"query_string\":{\"query\":\"*\",\"analyze_wildcard\":true}},\"filter\":[]}"}}}
,{"_index":".kibana","_type":"search","_id":"pages->-500-ko","_score":0,"_source":{"title":"pages > 500 ko","description":"","hits":0,"columns":["response","bytes"],"sort":["bytes","asc"],"version":1,"kibanaSavedObjectMeta":{"searchSourceJSON":"{\"index\":\"logstash-*\",\"query\":{\"query_string\":{\"query\":\"bytes:>500000\",\"analyze_wildcard\":true}},\"highlight\":{\"pre_tags\":[\"@kibana-highlighted-field@\"],\"post_tags\":[\"@/kibana-highlighted-field@\"],\"fields\":{\"*\":{}},\"fragment_size\":2147483647},\"filter\":[]}"}}}
,{"_index":".kibana","_type":"search","_id":"Exclude-ressources","_score":0,"_source":{"title":"Exclude ressources","description":"","hits":0,"columns":["request","bot","seoVisit"],"sort":["@timestamp","desc"],"version":1,"kibanaSavedObjectMeta":{"searchSourceJSON":"{\"index\":\"logstash-*\",\"query\":{\"query_string\":{\"query\":\"NOT request:*.gif AND NOT request:*.png AND NOT request:*.jpg  AND NOT request:*.jpeg AND NOT request:*.ttf AND NOT request:*.woff AND NOT request:*.css AND NOT request:*.js  AND NOT request:*.txt AND NOT request:*.gz AND NOT request:*.rss AND NOT request:*.xml AND NOT request:*.pdf AND _missing_:seoVisit\",\"analyze_wildcard\":true}},\"highlight\":{\"pre_tags\":[\"@kibana-highlighted-field@\"],\"post_tags\":[\"@/kibana-highlighted-field@\"],\"fields\":{\"*\":{}},\"require_field_match\":false,\"fragment_size\":2147483647},\"filter\":[]}"}}}
,{"_index":".kibana","_type":"search","_id":"Exclude-ressources-visites","_score":0,"_source":{"title":"Exclude ressources - visites","description":"","hits":0,"columns":["request","bot","seoVisit"],"sort":["@timestamp","desc"],"version":1,"kibanaSavedObjectMeta":{"searchSourceJSON":"{\"index\":\"logstash-*\",\"query\":{\"query_string\":{\"query\":\"NOT request:*.gif AND NOT request:*.png AND NOT request:*.jpg  AND NOT request:*.jpeg AND NOT request:*.ttf AND NOT request:*.woff AND NOT request:*.css AND NOT request:*.js  AND NOT request:*.txt AND NOT request:*.gz AND NOT request:*.rss AND NOT request:*.xml AND NOT request:*.pdf AND _missing_:bot\",\"analyze_wildcard\":true}},\"highlight\":{\"pre_tags\":[\"@kibana-highlighted-field@\"],\"post_tags\":[\"@/kibana-highlighted-field@\"],\"fields\":{\"*\":{}},\"require_field_match\":false,\"fragment_size\":2147483647},\"filter\":[]}"}}}
,{"_index":".kibana","_type":"dashboard","_id":"PIMP-Crawl-behavior","_score":0,"_source":{"title":"PIMP - Crawl behavior","hits":0,"description":"","panelsJSON":"[\r\n  {\r\n    \"col\": 5,\r\n    \"id\": \"Pages-crawled\",\r\n    \"row\": 1,\r\n    \"size_x\": 4,\r\n    \"size_y\": 3,\r\n    \"type\": \"visualization\"\r\n  },\r\n  {\r\n    \"col\": 1,\r\n    \"id\": \"Unique-crawled-pages\",\r\n    \"row\": 1,\r\n    \"size_x\": 4,\r\n    \"size_y\": 3,\r\n    \"type\": \"visualization\"\r\n  },\r\n  {\r\n    \"col\": 9,\r\n    \"id\": \"Googlebots-distribution\",\r\n    \"row\": 1,\r\n    \"size_x\": 4,\r\n    \"size_y\": 3,\r\n    \"type\": \"visualization\"\r\n  },\r\n  {\r\n    \"col\": 1,\r\n    \"id\": \"Crawl-slash-day-slash-page-group\",\r\n    \"row\": 8,\r\n    \"size_x\": 12,\r\n    \"size_y\": 4,\r\n    \"type\": \"visualization\"\r\n  },\r\n  {\r\n    \"col\": 1,\r\n    \"id\": \"Crawl-slash-day\",\r\n    \"row\": 4,\r\n    \"size_x\": 12,\r\n    \"size_y\": 4,\r\n    \"type\": \"visualization\"\r\n  },\r\n  {\r\n    \"col\": 1,\r\n    \"id\": \"Top-pages-crawled-(50)\",\r\n    \"row\": 12,\r\n    \"size_x\": 6,\r\n    \"size_y\": 5,\r\n    \"type\": \"visualization\"\r\n  },\r\n  {\r\n    \"col\": 7,\r\n    \"id\": \"Top-ressources-crawled-(50)\",\r\n    \"row\": 12,\r\n    \"size_x\": 6,\r\n    \"size_y\": 5,\r\n    \"type\": \"visualization\"\r\n  },\r\n  {\r\n    \"col\": 1,\r\n    \"id\": \"200\",\r\n    \"row\": 44,\r\n    \"size_x\": 4,\r\n    \"size_y\": 2,\r\n    \"type\": \"visualization\"\r\n  },\r\n    {\r\n    \"col\": 5,\r\n    \"id\": \"301\",\r\n    \"row\": 44,\r\n    \"size_x\": 4,\r\n    \"size_y\": 2,\r\n    \"type\": \"visualization\"\r\n  },\r\n  {\r\n    \"col\": 9,\r\n    \"id\": \"404\",\r\n    \"row\": 44,\r\n    \"size_x\": 4,\r\n    \"size_y\": 2,\r\n    \"type\": \"visualization\"\r\n  },\r\n  {\r\n    \"col\": 5,\r\n    \"id\": \"3xx\",\r\n    \"row\": 46,\r\n    \"size_x\": 4,\r\n    \"size_y\": 2,\r\n    \"type\": \"visualization\"\r\n  },\r\n  {\r\n    \"col\": 1,\r\n    \"id\": \"4xx\",\r\n    \"row\": 46,\r\n    \"size_x\": 4,\r\n    \"size_y\": 2,\r\n    \"type\": \"visualization\"\r\n  },\r\n  {\r\n    \"col\": 9,\r\n    \"id\": \"5xx\",\r\n    \"row\": 46,\r\n    \"size_x\": 4,\r\n    \"size_y\": 2,\r\n    \"type\": \"visualization\"\r\n  },\r\n  {\r\n    \"col\": 1,\r\n    \"id\": \"Status-and-Googlebots-distribution\",\r\n    \"row\": 48,\r\n    \"size_x\": 12,\r\n    \"size_y\": 5,\r\n    \"type\": \"visualization\"\r\n  },\r\n  {\r\n    \"col\": 1,\r\n    \"id\": \"Status-distribution-by-page-group-slash-day\",\r\n    \"row\": 53,\r\n    \"size_x\": 12,\r\n    \"size_y\": 11,\r\n    \"type\": \"visualization\"\r\n  },\r\n  {\r\n    \"col\": 1,\r\n    \"id\": \"Sum-of-bytes-slash-page-group-slash-day\",\r\n    \"row\": 64,\r\n    \"size_x\": 12,\r\n    \"size_y\": 6,\r\n    \"type\": \"visualization\"\r\n  },\r\n  {\r\n    \"col\": 7,\r\n    \"id\": \"Active-pages\",\r\n    \"row\": 17,\r\n    \"size_x\": 6,\r\n    \"size_y\": 3,\r\n    \"type\": \"visualization\"\r\n  },\r\n  {\r\n    \"col\": 1,\r\n    \"id\": \"SEO-visits\",\r\n    \"row\": 17,\r\n    \"size_x\": 6,\r\n    \"size_y\": 3,\r\n    \"type\": \"visualization\"\r\n  },\r\n  {\r\n    \"col\": 1,\r\n    \"id\": \"SEO-visits-by-group\",\r\n    \"row\": 20,\r\n    \"size_x\": 6,\r\n    \"size_y\": 3,\r\n    \"type\": \"visualization\"\r\n  },\r\n  {\r\n    \"col\": 7,\r\n    \"id\": \"Active-pages-by-group\",\r\n    \"row\": 20,\r\n    \"size_x\": 6,\r\n    \"size_y\": 3,\r\n    \"type\": \"visualization\"\r\n  },\r\n  {\r\n    \"col\": 1,\r\n    \"id\": \"SEO-visits-per-day\",\r\n    \"row\": 23,\r\n    \"size_x\": 12,\r\n    \"size_y\": 4,\r\n    \"type\": \"visualization\"\r\n  },\r\n  {\r\n    \"col\": 1,\r\n    \"id\": \"SEO-visits-by-group-per-day\",\r\n    \"row\": 27,\r\n    \"size_x\": 12,\r\n    \"size_y\": 4,\r\n    \"type\": \"visualization\"\r\n  },\r\n  {\r\n    \"col\": 1,\r\n    \"id\": \"Active-pages-per-day\",\r\n    \"row\": 31,\r\n    \"size_x\": 12,\r\n    \"size_y\": 4,\r\n    \"type\": \"visualization\"\r\n  },\r\n  {\r\n    \"col\": 1,\r\n    \"id\": \"Active-pages-by-group-per-day\",\r\n    \"row\": 35,\r\n    \"size_x\": 12,\r\n    \"size_y\": 4,\r\n    \"type\": \"visualization\"\r\n  },\r\n  {\r\n    \"col\": 1,\r\n    \"id\": \"Top-active-pages-(50)\",\r\n    \"row\": 39,\r\n    \"size_x\": 12,\r\n    \"size_y\": 5,\r\n    \"type\": \"visualization\"\r\n  }\r\n]","optionsJSON":"{\n  \"darkTheme\": false\n}","version":1,"timeRestore":true,"timeTo":"2016-04-01T21:59:59.000Z","timeFrom":"2016-02-28T23:00:00.000Z","kibanaSavedObjectMeta":{"searchSourceJSON":"{\n  \"filter\": [\n    {\n      \"query\": {\n        \"query_string\": {\n          \"analyze_wildcard\": true,\n          \"query\": \"*\"\n        }\n      }\n    }\n  ]\n}"}}}
,{"_index":".kibana","_type":"visualization","_id":"Top-urls-crawled-(50)","_score":0,"_source":{"title":"Top urls crawled (50)","visState":"{\"type\":\"table\",\"params\":{\"perPage\":10,\"showPartialRows\":false,\"showMeticsAtAllLevels\":false},\"aggs\":[{\"id\":\"1\",\"type\":\"count\",\"schema\":\"metric\",\"params\":{}},{\"id\":\"2\",\"type\":\"terms\",\"schema\":\"bucket\",\"params\":{\"field\":\"request.raw\",\"size\":50,\"order\":\"desc\",\"orderBy\":\"1\"}}],\"listeners\":{}}","description":"","version":1,"kibanaSavedObjectMeta":{"searchSourceJSON":"{\"index\":\"logstash-*\",\"query\":{\"query_string\":{\"analyze_wildcard\":true,\"query\":\"*\"}},\"filter\":[]}"}}}
,{"_index":".kibana","_type":"dashboard","_id":"Daily-monitoring-:-crawl","_score":0,"_source":{"title":"Daily monitoring : crawl","hits":0,"description":"","panelsJSON":"[{\"col\":1,\"id\":\"Crawl-slash-day\",\"row\":3,\"size_x\":8,\"size_y\":5,\"type\":\"visualization\"},{\"col\":1,\"id\":\"Crawl-slash-day-slash-Googlebots\",\"row\":8,\"size_x\":8,\"size_y\":5,\"type\":\"visualization\"},{\"col\":1,\"id\":\"Crawl-slash-day-slash-page-group\",\"row\":13,\"size_x\":8,\"size_y\":5,\"type\":\"visualization\"},{\"col\":9,\"id\":\"Craw-slash-day-details\",\"row\":3,\"size_x\":4,\"size_y\":5,\"type\":\"visualization\"},{\"col\":9,\"id\":\"Craw-slash-day-slash-Googlebots-details\",\"row\":8,\"size_x\":4,\"size_y\":5,\"type\":\"visualization\"},{\"col\":9,\"id\":\"Craw-slash-day-slash-page-group-details\",\"row\":13,\"size_x\":4,\"size_y\":5,\"type\":\"visualization\"},{\"id\":\"Navigation\",\"type\":\"visualization\",\"size_x\":12,\"size_y\":2,\"col\":1,\"row\":1}]","version":1,"timeRestore":true,"timeTo":"2015-08-28T21:59:59.000Z","timeFrom":"2015-07-28T22:00:00.000Z","kibanaSavedObjectMeta":{"searchSourceJSON":"{\"filter\":[{\"query\":{\"query_string\":{\"query\":\"*\",\"analyze_wildcard\":true}}}]}"}}}
,{"_index":".kibana","_type":"visualization","_id":"Status-distribution-slash-day","_score":0,"_source":{"title":"Status distribution / day","visState":"{\"type\":\"histogram\",\"params\":{\"shareYAxis\":true,\"addTooltip\":true,\"addLegend\":true,\"scale\":\"linear\",\"mode\":\"stacked\",\"times\":[],\"addTimeMarker\":false,\"defaultYExtents\":false,\"setYExtents\":false,\"yAxis\":{}},\"aggs\":[{\"id\":\"1\",\"type\":\"count\",\"schema\":\"metric\",\"params\":{}},{\"id\":\"2\",\"type\":\"date_histogram\",\"schema\":\"segment\",\"params\":{\"field\":\"@timestamp\",\"interval\":\"d\",\"customInterval\":\"2h\",\"min_doc_count\":1,\"extended_bounds\":{}}},{\"id\":\"3\",\"type\":\"terms\",\"schema\":\"group\",\"params\":{\"field\":\"response\",\"size\":50,\"order\":\"desc\",\"orderBy\":\"1\"}}],\"listeners\":{}}","description":"","version":1,"kibanaSavedObjectMeta":{"searchSourceJSON":"{\"index\":\"logstash-*\",\"query\":{\"query_string\":{\"query\":\"*\",\"analyze_wildcard\":true}},\"filter\":[]}"}}}
,{"_index":".kibana","_type":"visualization","_id":"SEO-visits-by-group-per-day","_score":0,"_source":{"title":"SEO visits by group per day","visState":"{\n  \"type\": \"histogram\",\n  \"params\": {\n    \"shareYAxis\": true,\n    \"addTooltip\": true,\n    \"addLegend\": true,\n    \"scale\": \"linear\",\n    \"mode\": \"stacked\",\n    \"times\": [],\n    \"addTimeMarker\": false,\n    \"defaultYExtents\": false,\n    \"setYExtents\": false,\n    \"yAxis\": {}\n  },\n  \"aggs\": [\n    {\n      \"id\": \"1\",\n      \"type\": \"count\",\n      \"schema\": \"metric\",\n      \"params\": {}\n    },\n    {\n      \"id\": \"2\",\n      \"type\": \"date_histogram\",\n      \"schema\": \"segment\",\n      \"params\": {\n        \"field\": \"@timestamp\",\n        \"interval\": \"d\",\n        \"customInterval\": \"2h\",\n        \"min_doc_count\": 1,\n        \"extended_bounds\": {}\n      }\n    },\n    {\n      \"id\": \"3\",\n      \"type\": \"terms\",\n      \"schema\": \"group\",\n      \"params\": {\n        \"field\": \"category.raw\",\n        \"size\": 5,\n        \"order\": \"desc\",\n        \"orderBy\": \"1\"\n      }\n    }\n  ],\n  \"listeners\": {}\n}","description":"","version":1,"kibanaSavedObjectMeta":{"searchSourceJSON":"{\n  \"filter\": []\n}"},"savedSearchId":"event-is-visit"}}
,{"_index":".kibana","_type":"visualization","_id":"Crawl-slash-day-slash-page-group","_score":0,"_source":{"title":"Crawl / day / page group","visState":"{\n  \"type\": \"histogram\",\n  \"params\": {\n    \"addLegend\": true,\n    \"addTimeMarker\": false,\n    \"addTooltip\": true,\n    \"defaultYExtents\": false,\n    \"mode\": \"stacked\",\n    \"scale\": \"linear\",\n    \"setYExtents\": false,\n    \"shareYAxis\": true,\n    \"times\": [],\n    \"yAxis\": {}\n  },\n  \"aggs\": [\n    {\n      \"id\": \"1\",\n      \"type\": \"count\",\n      \"schema\": \"metric\",\n      \"params\": {}\n    },\n    {\n      \"id\": \"2\",\n      \"type\": \"date_histogram\",\n      \"schema\": \"segment\",\n      \"params\": {\n        \"field\": \"@timestamp\",\n        \"interval\": \"d\",\n        \"customInterval\": \"2h\",\n        \"min_doc_count\": 1,\n        \"extended_bounds\": {}\n      }\n    },\n    {\n      \"id\": \"4\",\n      \"type\": \"terms\",\n      \"schema\": \"group\",\n      \"params\": {\n        \"field\": \"category.raw\",\n        \"size\": 50,\n        \"order\": \"desc\",\n        \"orderBy\": \"1\"\n      }\n    }\n  ],\n  \"listeners\": {}\n}","description":"","version":1,"kibanaSavedObjectMeta":{"searchSourceJSON":"{\n  \"filter\": []\n}"},"savedSearchId":"event-is-bot"}}
,{"_index":".kibana","_type":"visualization","_id":"Crawl-slash-day","_score":0,"_source":{"title":"Crawl / day","visState":"{\n  \"type\": \"histogram\",\n  \"params\": {\n    \"addLegend\": true,\n    \"addTimeMarker\": false,\n    \"addTooltip\": true,\n    \"defaultYExtents\": false,\n    \"mode\": \"stacked\",\n    \"scale\": \"linear\",\n    \"setYExtents\": false,\n    \"shareYAxis\": true,\n    \"times\": [],\n    \"yAxis\": {}\n  },\n  \"aggs\": [\n    {\n      \"id\": \"3\",\n      \"type\": \"cardinality\",\n      \"schema\": \"metric\",\n      \"params\": {\n        \"field\": \"request.raw\"\n      }\n    },\n    {\n      \"id\": \"1\",\n      \"type\": \"count\",\n      \"schema\": \"metric\",\n      \"params\": {}\n    },\n    {\n      \"id\": \"2\",\n      \"type\": \"date_histogram\",\n      \"schema\": \"segment\",\n      \"params\": {\n        \"field\": \"@timestamp\",\n        \"interval\": \"d\",\n        \"customInterval\": \"2h\",\n        \"min_doc_count\": 1,\n        \"extended_bounds\": {}\n      }\n    }\n  ],\n  \"listeners\": {}\n}","description":"","version":1,"kibanaSavedObjectMeta":{"searchSourceJSON":"{\n  \"filter\": []\n}"},"savedSearchId":"event-is-bot"}}
,{"_index":".kibana","_type":"visualization","_id":"SEO-visits-per-day","_score":0,"_source":{"title":"SEO visits per day","visState":"{\n  \"type\": \"histogram\",\n  \"params\": {\n    \"shareYAxis\": true,\n    \"addTooltip\": true,\n    \"addLegend\": true,\n    \"scale\": \"linear\",\n    \"mode\": \"stacked\",\n    \"times\": [],\n    \"addTimeMarker\": false,\n    \"defaultYExtents\": false,\n    \"setYExtents\": false,\n    \"yAxis\": {}\n  },\n  \"aggs\": [\n    {\n      \"id\": \"1\",\n      \"type\": \"count\",\n      \"schema\": \"metric\",\n      \"params\": {}\n    },\n    {\n      \"id\": \"2\",\n      \"type\": \"date_histogram\",\n      \"schema\": \"segment\",\n      \"params\": {\n        \"field\": \"@timestamp\",\n        \"interval\": \"d\",\n        \"customInterval\": \"2h\",\n        \"min_doc_count\": 1,\n        \"extended_bounds\": {}\n      }\n    }\n  ],\n  \"listeners\": {}\n}","description":"","version":1,"kibanaSavedObjectMeta":{"searchSourceJSON":"{\n  \"filter\": []\n}"},"savedSearchId":"event-is-visit"}}
,{"_index":".kibana","_type":"search","_id":"event-is-visit","_score":0,"_source":{"title":"event is visit","description":"","hits":0,"columns":["seoVisit","bot","category"],"sort":["@timestamp","asc"],"version":1,"kibanaSavedObjectMeta":{"searchSourceJSON":"{\"index\":\"logstash-*\",\"highlight\":{\"pre_tags\":[\"@kibana-highlighted-field@\"],\"post_tags\":[\"@/kibana-highlighted-field@\"],\"fields\":{\"*\":{}},\"require_field_match\":false,\"fragment_size\":2147483647},\"filter\":[],\"query\":{\"query_string\":{\"query\":\"_missing_:bot\",\"analyze_wildcard\":true}}}"}}}
,{"_index":".kibana","_type":"visualization","_id":"Active-pages","_score":0,"_source":{"title":"Active pages","visState":"{\n  \"type\": \"metric\",\n  \"params\": {\n    \"fontSize\": \"40\"\n  },\n  \"aggs\": [\n    {\n      \"id\": \"1\",\n      \"type\": \"cardinality\",\n      \"schema\": \"metric\",\n      \"params\": {\n        \"field\": \"request.raw\"\n      }\n    }\n  ],\n  \"listeners\": {}\n}","description":"","version":1,"kibanaSavedObjectMeta":{"searchSourceJSON":"{\n  \"filter\": []\n}"},"savedSearchId":"event-is-visit"}}
,{"_index":".kibana","_type":"visualization","_id":"SEO-visits","_score":0,"_source":{"title":"SEO visits","visState":"{\n  \"type\": \"metric\",\n  \"params\": {\n    \"fontSize\": \"40\"\n  },\n  \"aggs\": [\n    {\n      \"id\": \"1\",\n      \"type\": \"count\",\n      \"schema\": \"metric\",\n      \"params\": {}\n    }\n  ],\n  \"listeners\": {}\n}","description":"","version":1,"kibanaSavedObjectMeta":{"searchSourceJSON":"{\n  \"filter\": []\n}"},"savedSearchId":"event-is-visit"}}
,{"_index":".kibana","_type":"visualization","_id":"Active-pages-by-group","_score":0,"_source":{"title":"Active pages by group","visState":"{\"type\":\"pie\",\"params\":{\"shareYAxis\":true,\"addTooltip\":true,\"addLegend\":true,\"isDonut\":true},\"aggs\":[{\"id\":\"1\",\"type\":\"cardinality\",\"schema\":\"metric\",\"params\":{\"field\":\"request.raw\"}},{\"id\":\"2\",\"type\":\"terms\",\"schema\":\"segment\",\"params\":{\"field\":\"category.raw\",\"size\":5,\"order\":\"desc\",\"orderBy\":\"1\"}}],\"listeners\":{}}","description":"","version":1,"kibanaSavedObjectMeta":{"searchSourceJSON":"{\"index\":\"logstash-*\",\"query\":{\"query_string\":{\"query\":\"*\",\"analyze_wildcard\":true}},\"filter\":[]}"}}}
,{"_index":".kibana","_type":"visualization","_id":"Active-pages-per-day","_score":0,"_source":{"title":"Active pages per day","visState":"{\n  \"type\": \"histogram\",\n  \"params\": {\n    \"shareYAxis\": true,\n    \"addTooltip\": true,\n    \"addLegend\": true,\n    \"scale\": \"linear\",\n    \"mode\": \"stacked\",\n    \"times\": [],\n    \"addTimeMarker\": false,\n    \"defaultYExtents\": false,\n    \"setYExtents\": false,\n    \"yAxis\": {\n      \"min\": 30000,\n      \"max\": 180000\n    }\n  },\n  \"aggs\": [\n    {\n      \"id\": \"1\",\n      \"type\": \"cardinality\",\n      \"schema\": \"metric\",\n      \"params\": {\n        \"field\": \"request.raw\"\n      }\n    },\n    {\n      \"id\": \"2\",\n      \"type\": \"date_histogram\",\n      \"schema\": \"segment\",\n      \"params\": {\n        \"field\": \"@timestamp\",\n        \"interval\": \"d\",\n        \"customInterval\": \"2h\",\n        \"min_doc_count\": 1,\n        \"extended_bounds\": {}\n      }\n    }\n  ],\n  \"listeners\": {}\n}","description":"","version":1,"kibanaSavedObjectMeta":{"searchSourceJSON":"{\n  \"filter\": []\n}"},"savedSearchId":"event-is-visit"}}
,{"_index":".kibana","_type":"visualization","_id":"Sum-of-bytes-slash-day","_score":0,"_source":{"title":"Sum of bytes / day","visState":"{\n  \"type\": \"area\",\n  \"params\": {\n    \"shareYAxis\": true,\n    \"addTooltip\": true,\n    \"addLegend\": true,\n    \"smoothLines\": false,\n    \"scale\": \"linear\",\n    \"interpolate\": \"linear\",\n    \"mode\": \"stacked\",\n    \"times\": [],\n    \"addTimeMarker\": false,\n    \"defaultYExtents\": false,\n    \"setYExtents\": false,\n    \"yAxis\": {}\n  },\n  \"aggs\": [\n    {\n      \"id\": \"1\",\n      \"type\": \"sum\",\n      \"schema\": \"metric\",\n      \"params\": {\n        \"field\": \"bytes\"\n      }\n    },\n    {\n      \"id\": \"2\",\n      \"type\": \"date_histogram\",\n      \"schema\": \"segment\",\n      \"params\": {\n        \"field\": \"@timestamp\",\n        \"interval\": \"d\",\n        \"customInterval\": \"2h\",\n        \"min_doc_count\": 1,\n        \"extended_bounds\": {}\n      }\n    }\n  ],\n  \"listeners\": {}\n}","description":"","version":1,"kibanaSavedObjectMeta":{"searchSourceJSON":"{\n  \"index\": \"logstash-*\",\n  \"query\": {\n    \"query_string\": {\n      \"query\": \"*\",\n      \"analyze_wildcard\": true\n    }\n  },\n  \"filter\": []\n}"},"savedSearchId":"event-is-bot"}}
]
