[
"{\".kibana\":{\"mappings\":{\"dashboard\":{\"properties\":{\"description\":{\"type\":\"string\"},\"hits\":{\"type\":\"long\"},\"kibanaSavedObjectMeta\":{\"properties\":{\"searchSourceJSON\":{\"type\":\"string\"}}},\"optionsJSON\":{\"type\":\"string\"},\"panelsJSON\":{\"type\":\"string\"},\"timeFrom\":{\"type\":\"date\",\"format\":\"strict_date_optional_time||epoch_millis\"},\"timeRestore\":{\"type\":\"boolean\"},\"timeTo\":{\"type\":\"date\",\"format\":\"strict_date_optional_time||epoch_millis\"},\"title\":{\"type\":\"string\"},\"version\":{\"type\":\"long\"}}},\"search\":{\"properties\":{\"columns\":{\"type\":\"string\"},\"description\":{\"type\":\"string\"},\"hits\":{\"type\":\"long\"},\"kibanaSavedObjectMeta\":{\"properties\":{\"searchSourceJSON\":{\"type\":\"string\"}}},\"sort\":{\"type\":\"string\"},\"title\":{\"type\":\"string\"},\"version\":{\"type\":\"long\"}}},\"index-pattern\":{\"properties\":{\"fieldFormatMap\":{\"type\":\"string\"},\"fields\":{\"type\":\"string\"},\"timeFieldName\":{\"type\":\"string\"},\"title\":{\"type\":\"string\"}}},\"visualization\":{\"properties\":{\"description\":{\"type\":\"string\"},\"kibanaSavedObjectMeta\":{\"properties\":{\"searchSourceJSON\":{\"type\":\"string\"}}},\"savedSearchId\":{\"type\":\"string\"},\"title\":{\"type\":\"string\"},\"version\":{\"type\":\"long\"},\"visState\":{\"type\":\"string\"}}},\"config\":{\"properties\":{\"buildNum\":{\"type\":\"long\"},\"defaultIndex\":{\"type\":\"string\"},\"embed:enableFilters\":{\"type\":\"boolean\"},\"embed:showTitle\":{\"type\":\"boolean\"}}}}}}"
]
